mesh-phase,face-edge-collection,6,0.024000
mesh-phase,subdivision-output,6,0.270600
mesh-phase,storage-install,6,0.127700
mesh-phase,normals,24,0.006700
mesh-phase,face-edge-collection,24,0.016000
mesh-phase,subdivision-output,24,0.059400
mesh-phase,storage-install,24,0.152400
mesh-phase,normals,96,0.014100
mesh-phase,face-edge-collection,96,0.070200
mesh-phase,subdivision-output,96,0.132100
mesh-phase,storage-install,96,0.503400
mesh-phase,normals,384,0.055200
mesh-phase,face-edge-collection,384,0.304100
mesh-phase,subdivision-output,384,0.461800
mesh-phase,storage-install,384,1.838500
mesh-phase,normals,1536,0.135100
mesh-phase,face-edge-collection,1536,0.898800
mesh-phase,subdivision-output,1536,1.368900
mesh-phase,storage-install,1536,5.378900
mesh-phase,normals,6144,0.344800
mesh-phase,face-edge-collection,6144,3.230500
mesh-phase,subdivision-output,6144,5.644600
mesh-phase,storage-install,6144,26.608100
mesh-phase,normals,24576,3.269000
mesh-phase,face-edge-collection,24576,21.177500
mesh-phase,subdivision-output,24576,25.960800
mesh-phase,storage-install,24576,137.499400
mesh-phase,normals,98304,16.579400
mesh-phase,face-edge-collection,98304,129.266500
mesh-phase,subdivision-output,98304,167.831300
mesh-phase,storage-install,98304,794.880000
mesh-phase,normals,393216,64.265800
mesh-phase,face-edge-collection,6,0.014400
mesh-phase,subdivision-output,6,0.044900
mesh-phase,storage-install,6,0.023700
mesh-phase,face-edge-collection,24,0.015500
mesh-phase,subdivision-output,24,0.021600
mesh-phase,storage-install,24,0.075400
mesh-phase,face-edge-collection,96,0.051200
mesh-phase,subdivision-output,96,0.084300
mesh-phase,storage-install,96,0.291900
mesh-phase,face-edge-collection,384,0.210900
mesh-phase,subdivision-output,384,0.326800
mesh-phase,storage-install,384,1.161700
mesh-phase,face-edge-collection,1536,0.907100
mesh-phase,subdivision-output,1536,1.376700
mesh-phase,storage-install,1536,4.003600
mesh-phase,face-edge-collection,6144,3.021600
mesh-phase,subdivision-output,6144,6.270500
mesh-phase,storage-install,6144,34.974300
mesh-phase,face-edge-collection,24576,19.262500
mesh-phase,subdivision-output,24576,37.967800
mesh-phase,storage-install,24576,144.997200
mesh-phase,face-edge-collection,98304,104.831400
mesh-phase,subdivision-output,98304,199.263400
mesh-phase,storage-install,98304,658.652500
mesh-phase,normals,393216,40.179500
mesh-phase,face-edge-collection,6,0.018000
mesh-phase,subdivision-output,6,0.043300
mesh-phase,storage-install,6,0.073300
mesh-phase,normals,24,0.004300
mesh-phase,face-edge-collection,24,0.018600
mesh-phase,subdivision-output,24,0.038400
mesh-phase,storage-install,24,0.115300
mesh-phase,normals,96,0.012900
mesh-phase,face-edge-collection,96,0.069000
mesh-phase,subdivision-output,96,0.103700
mesh-phase,storage-install,96,0.433100
mesh-phase,normals,384,0.047800
mesh-phase,face-edge-collection,384,0.262400
mesh-phase,subdivision-output,384,0.410400
mesh-phase,storage-install,384,1.606100
mesh-phase,normals,1536,0.093100
mesh-phase,face-edge-collection,1536,0.656100
mesh-phase,subdivision-output,1536,0.975600
mesh-phase,storage-install,1536,4.195300
mesh-phase,normals,6144,0.514700
mesh-phase,face-edge-collection,6144,4.482600
mesh-phase,subdivision-output,6144,6.213200
mesh-phase,storage-install,6144,26.283400
mesh-phase,normals,24576,3.135300
mesh-phase,face-edge-collection,24576,32.943000
mesh-phase,subdivision-output,24576,27.711900
mesh-phase,storage-install,24576,174.299600
mesh-phase,normals,98304,8.723600
mesh-phase,face-edge-collection,98304,124.385700
mesh-phase,subdivision-output,98304,212.620400
mesh-phase,storage-install,98304,667.398900
mesh-phase,normals,393216,70.596900
mesh-phase,face-edge-collection,6,0.023200
mesh-phase,subdivision-output,6,0.043000
mesh-phase,storage-install,6,0.045400
mesh-phase,face-edge-collection,24,0.015000
mesh-phase,subdivision-output,24,0.022600
mesh-phase,storage-install,24,0.069300
mesh-phase,face-edge-collection,96,0.049400
mesh-phase,subdivision-output,96,0.083800
mesh-phase,storage-install,96,0.507400
mesh-phase,face-edge-collection,384,0.284000
mesh-phase,subdivision-output,384,0.475900
mesh-phase,storage-install,384,1.698500
mesh-phase,face-edge-collection,1536,1.395200
mesh-phase,subdivision-output,1536,2.258300
mesh-phase,storage-install,1536,7.502700
mesh-phase,face-edge-collection,6144,6.167300
mesh-phase,subdivision-output,6144,9.634500
mesh-phase,storage-install,6144,65.349900
mesh-phase,face-edge-collection,24576,25.942800
mesh-phase,subdivision-output,24576,47.903700
mesh-phase,storage-install,24576,278.569600
mesh-phase,face-edge-collection,98304,144.748100
mesh-phase,subdivision-output,98304,202.047900
mesh-phase,storage-install,98304,679.304400
mesh-phase,normals,393216,37.873700
mesh-phase,face-edge-collection,6,0.035200
mesh-phase,subdivision-output,6,0.081500
mesh-phase,storage-install,6,0.100100
mesh-phase,normals,24,0.002700
mesh-phase,face-edge-collection,24,0.012900
mesh-phase,subdivision-output,24,0.023500
mesh-phase,storage-install,24,0.072900
mesh-phase,normals,96,0.008300
mesh-phase,face-edge-collection,96,0.052100
mesh-phase,subdivision-output,96,0.065800
mesh-phase,storage-install,96,0.322600
mesh-phase,normals,384,0.029000
mesh-phase,face-edge-collection,384,0.167600
mesh-phase,subdivision-output,384,0.310700
mesh-phase,storage-install,384,1.180800
mesh-phase,normals,1536,0.142300
mesh-phase,face-edge-collection,1536,0.948000
mesh-phase,subdivision-output,1536,1.422300
mesh-phase,storage-install,1536,5.909300
mesh-phase,normals,6144,0.517600
mesh-phase,face-edge-collection,6144,3.960500
mesh-phase,subdivision-output,6144,5.927300
mesh-phase,storage-install,6144,26.417700
mesh-phase,normals,24576,2.191000
mesh-phase,face-edge-collection,24576,16.719000
mesh-phase,subdivision-output,24576,25.791400
mesh-phase,storage-install,24576,136.232800
mesh-phase,normals,98304,14.678300
mesh-phase,face-edge-collection,98304,119.392400
mesh-phase,subdivision-output,98304,177.577500
mesh-phase,storage-install,98304,692.289100
mesh-phase,normals,393216,37.662500
mesh-phase,face-edge-collection,6,0.011100
mesh-phase,subdivision-output,6,0.036900
mesh-phase,storage-install,6,0.024600
mesh-phase,face-edge-collection,24,0.013800
mesh-phase,subdivision-output,24,0.023100
mesh-phase,storage-install,24,0.076400
mesh-phase,face-edge-collection,96,0.049100
mesh-phase,subdivision-output,96,0.084000
mesh-phase,storage-install,96,0.274300
mesh-phase,face-edge-collection,384,0.203900
mesh-phase,subdivision-output,384,0.319700
mesh-phase,storage-install,384,1.141200
mesh-phase,face-edge-collection,1536,0.881400
mesh-phase,subdivision-output,1536,1.365200
mesh-phase,storage-install,1536,4.828300
mesh-phase,face-edge-collection,6144,2.761800
mesh-phase,subdivision-output,6144,7.716900
mesh-phase,storage-install,6144,31.298400
mesh-phase,face-edge-collection,24576,18.884300
mesh-phase,subdivision-output,24576,27.434700
mesh-phase,storage-install,24576,156.741000
mesh-phase,face-edge-collection,98304,79.627300
mesh-phase,subdivision-output,98304,174.552400
mesh-phase,storage-install,98304,520.721000
mesh-phase,normals,393216,33.615200
mesh-phase,face-edge-collection,125000,52.913200
mesh-phase,subdivision-output,125000,98.204300
mesh-phase,storage-install,125000,424.404300
mesh-phase,normals,500000,61.667200
mesh-phase,face-edge-collection,125000,60.310200
mesh-phase,subdivision-output,125000,112.271500
mesh-phase,storage-install,125000,397.628500
mesh-phase,normals,500000,42.530700
mesh-phase,face-edge-collection,125000,62.102000
mesh-phase,subdivision-output,125000,100.256500
mesh-phase,storage-install,125000,359.933500
mesh-phase,normals,500000,47.444100
